t_start,t_end,Mean(R),Std(R),Quantile.0.025(R),Quantile.0.05(R),Quantile.0.25(R),Median(R),Quantile.0.75(R),Quantile.0.95(R),Quantile.0.975(R)
2,8,5,5,0.12658903992144938,0.2564664719377527,1.4384103622589048,3.4657359027997265,6.931471805599453,14.97866136776995,18.444397270569677
3,9,5,5,0.12658903992144938,0.2564664719377527,1.4384103622589048,3.4657359027997265,6.931471805599453,14.97866136776995,18.444397270569677
4,10,20,10,5.449326868131623,6.831591983749154,12.676601059500465,18.360303744254484,25.547137425616896,38.768282639663624,43.83636534871162
5,11,3.1179905699909995,1.5589952849954998,0.8495474893816494,1.0650419691677984,1.9762761281530181,2.862362696837795,3.982786679166881,6.0439569842608485,6.834068688998152
6,12,8.44421995943306,2.111054989858265,4.826601315730539,5.2966141344172435,6.941176946584021,8.268965211319665,9.756499801059356,12.18982775788644,13.056990624708948
7,13,2.9070848348905525,0.6669310008203971,1.7502549742940146,1.9036742385700405,2.433885273469059,2.8562454850701524,3.3249329116651403,4.083960036257837,4.352634340017506
8,14,2.530445219373465,0.49626113660241816,1.6529708295939414,1.7731166997574304,2.1804410248713393,2.4980785965677055,2.845198060040309,3.398201082509422,3.591765691743076
9,15,2.0940366617178214,0.37610008708296877,1.4227963156754222,1.5161171137460514,1.829611077505419,2.0715636890991007,2.333982672186679,2.748626280215638,2.8929363304252105
10,16,2.331987037822105,0.34763210261457334,1.7009673473910032,1.7911222992044298,2.089063038350433,2.3147359922935955,2.55611513054406,2.9317033707035516,3.061015223921113
11,17,1.8146491261068278,0.2592355894438325,1.3424874132790774,1.4103118397126373,1.6337296135273534,1.8023196148204539,1.982134415676947,2.261047896944829,2.3568602182128617
12,18,1.7881173020190906,0.2327930442558343,1.361197738581068,1.4231941915530053,1.626086334874204,1.7780251540093368,1.9391509671366776,2.1874686322009067,2.2723773435094445
13,19,1.2216671687216991,0.17452388124595702,0.9037960967935449,0.949457196682881,1.099867628788785,1.213366633412561,1.3344224537891973,1.5221939838754972,1.5866972344313193
14,20,1.3208888958996061,0.17975021121457124,0.9922923919531108,1.0397707401131933,1.1956203563636787,1.3127442690785998,1.4372826579083713,1.6297917493002516,1.6957597312192616
15,21,1.243589825327888,0.16923114007612144,0.9342229510853209,0.9789228428616397,1.1256520625954167,1.2359218260910574,1.3531721668973167,1.5344155311811924,1.5965230342168832
16,22,1.2099029472400213,0.16314328012461873,0.9114644799507696,0.954631328853505,1.096237756207595,1.2025781552320072,1.3155866281090238,1.4901624233465878,1.549957970276947
17,23,1.0800435667624837,0.15123634964200822,0.8041633760683091,0.8438897048613931,0.9745587837798817,1.0729927196032722,1.1778456069728351,1.3402509262025952,1.3959831346026317
18,24,1.0197373811673598,0.1471864128799248,0.7518738456032699,0.7903021541597811,0.9169848579627229,1.012664680795406,1.114783575492661,1.2733008095665874,1.3277838204349195
19,25,1.040119179340123,0.15012827204532814,0.7669017746127195,0.8060981613465972,0.935312910506095,1.0329051147756036,1.1370650905784296,1.2987506563537015,1.3543226355700329
20,26,1.3288789177997116,0.1701455104436784,1.0164870761297176,1.0619350972757144,1.2105071569296657,1.3216243810599153,1.4393453855319498,1.620570697394402,1.6824890972105386
21,27,1.1255528285798369,0.14908311410400785,0.852482720709622,0.8920609556251025,1.021736314267406,1.1189775352646232,1.2222044201201827,1.3814756389340936,1.435981444151302
22,28,1.0392986027958944,0.1414306259576351,0.7807530971933062,0.8181098961330264,0.9407351138316667,1.0328902672412217,1.1308792607947498,1.2823487979603456,1.3342535657652095
23,29,0.989838686980055,0.13860513997786064,0.7369999181338143,0.7734083171477143,0.8931639580180921,0.9833767242324859,1.079472333293023,1.2283136142302713,1.2793910871053287
24,30,0.8723072174931966,0.1315052610156307,0.6338197596168171,0.6678427126574464,0.7803799793234589,0.8657078036601845,0.9570441396652317,1.0992855484978246,1.1482877315541906
25,31,0.8423163688842239,0.13318191180583647,0.6017631631688456,0.6358591348488871,0.7490773016179807,0.8353075598933746,0.9279194837537469,1.0726843571800095,1.1226873498882775
26,32,0.7190905608869829,0.12711845297260588,0.4918574113238316,0.5235305708216761,0.629766134391925,0.711614064231941,0.8002707204577417,0.9401576590601213,0.9887950374779525
27,33,0.47448331516036407,0.10885393795685198,0.2856699510835595,0.3107104591036474,0.3972494849188212,0.4661855101036055,0.5426828868831662,0.6665684034153799,0.7104204000328402
28,34,0.48745749599802696,0.12186437399950674,0.2786240769247742,0.3057563961661809,0.4006916861374897,0.47734060644664966,0.5632111652203987,0.7036793148511862,0.7537378213461012
29,35,0.6148654219595426,0.14912676942818628,0.35818176679139996,0.39178285593450735,0.5088206619104987,0.6028521699066163,0.7078326936030082,0.8789386799860013,0.9397674577410645
30,36,0.5588754579441885,0.14936574896453872,0.3055424134457418,0.3378776399097722,0.45223315182660856,0.5456267004244664,0.6510997706413783,0.8250825719457561,0.88743019278869
31,37,0.540288520136261,0.15596786127036744,0.2791749624571052,0.31175604433948984,0.4285670415265237,0.5253568883642528,0.6357653814266279,0.8197759108317184,0.8861649551347341
32,38,0.665471428840497,0.18456856608005365,0.35433550881187215,0.3936303579163431,0.5334887645423867,0.6484880378921156,0.7789743746892523,0.995267260946844,1.0730258425209165
33,39,0.7166795339719013,0.1987711390624097,0.3816016681098651,0.42392026049895837,0.5745407880510586,0.6983892690820079,0.8389165449237587,1.0718531943522984,1.155595307972295
34,40,0.7014691002663898,0.20249668693350234,0.3624593202207954,0.4047600934964852,0.5564185168095389,0.6820830168789838,0.8254289207873247,1.064334053305738,1.1505284872778627
35,41,0.8176670120185106,0.2267800260067823,0.43537324697332036,0.48365496195386254,0.655499462702514,0.7967994616942221,0.9571284683114676,1.222888274611873,1.3184305087319028
36,42,0.5203846511694841,0.18398375783366913,0.22466515656190106,0.25894488461982995,0.38743351824338,0.49886996198344263,0.6299535980899604,0.8552595768269146,0.9381673608787755
37,43,0.6100083402388699,0.2156705169816278,0.26335830420024453,0.30354188757354916,0.454159585386344,0.5847882654122242,0.7384478922173393,1.002557384736674,1.0997440323995136
38,44,0.6852837744720014,0.24228440198313245,0.2958568938093827,0.34099915805299197,0.5102031797865597,0.6569515256655304,0.8295728524489222,1.1262736317147626,1.2354531762314678
39,45,0.648014261523904,0.24492636885934593,0.2605353420701153,0.30413306027943143,0.4705191656250116,0.617431420499546,0.7922869345546919,1.0962916104824323,1.2089607735132935
40,46,0.5104651517033048,0.2282869558706664,0.16574664528401004,0.20113853962754175,0.34391062141114487,0.47686724228975313,0.6405756436666881,0.9345104957103272,1.0455948233745591
41,47,0.4782194291511329,0.23910971457556646,0.1302986992067918,0.1633500009330988,0.30310984611254793,0.4390126987809394,0.6108568738062027,0.9269872996554858,1.0481700806560685
42,48,0.282170360367471,0.1995245752656906,0.03417213970554787,0.050136242767285184,0.1356221875008467,0.23678988749733074,0.3798908276773505,0.6692889803443642,0.7860763117301334
43,49,0.3598955194458181,0.25448456231879296,0.043585017058088545,0.0639465077419728,0.17297995989171308,0.3020147808911858,0.4845335512262514,0.8536477925133812,1.002604746174407
44,50,0.4361437024804857,0.3084001695957595,0.052819025759646046,0.07749434249758659,0.20962783943037025,0.3660002351364226,0.5871877964283752,1.0345033175583362,1.2150185887125096
45,51,0.2534741824510264,0.2534741824510264,0.006417410680269945,0.013001525860104193,0.07291997812053211,0.1756949149106661,0.3513898298213322,0.7593407888812521,0.9350357037919182
46,52,0.32262884186065055,0.32262884186065055,0.008168255068421774,0.016548696163472838,0.09281453385918985,0.22362927210303038,0.44725854420606076,0.9665096339412974,1.190138906044328
47,53,0.39782416663398257,0.39782416663398257,0.01007203586234931,0.02040571209363883,0.11444688072866675,0.2757506994609549,0.5515013989219097,1.191774695185142,1.4675253946460964
48,54,0.4754901007171995,0.4754901007171995,0.01203836706838871,0.024389453714453366,0.13678997760463002,0.32958462269629124,0.6591692453925825,1.4244410404739518,1.754025663170243
49,55,0.5609508277468972,0.5609508277468972,0.01420204534552441,0.02877301594456175,0.16137549666976939,0.3888214846855293,0.7776429693710586,1.6804584985582052,2.0692799832437343
50,56,0.6556793362271277,0.6556793362271277,0.01660036353386506,0.03363195321693179,0.1886271903096282,0.45448228325725,0.9089645665145,1.9642397486380645,2.4187220318953147
51,57,0.760556669300953,0.760556669300953,0.019255627714532583,0.0390114571368687,0.21879851884152196,0.5271777109820183,1.0543554219640365,2.2784241600915935,2.805601871073612
52,58,0.8761605651338871,0.8761605651338871,0.022182464951466658,0.04494116179817512,0.25205568717824023,0.6073082254403621,1.2146164508807242,2.6247424817868885,3.2320507072272506
53,59,1.002808965697837,1.002808965697837,0.025388924838462168,0.05143737549201422,0.28849016152518064,0.6950942072136905,1.390188414427381,3.004147182750306,3.699241389963997
54,60,1.1405472557683813,1.1405472557683813,0.028876156418552634,0.05850242615304048,0.32811499826863944,0.7905671146312363,1.5811342292624726,3.4167742236187775,4.207341338250012
55,61,1.289121480948329,1.289121480948329,0.032637730123073194,0.06612328762359776,0.3708571392813243,0.8935509199185954,1.7871018398371907,3.861862825008624,4.755413744927219
56,62,1.4479536399167732,1.4479536399167732,0.036659012225566466,0.07427031231177639,0.4165503039453571,1.0036449830898215,2.007289966179643,4.337681449708651,5.34132643279847
57,63,1.6161282214655728,1.6161282214655728,0.04091682398905728,0.08289654063166209,0.4649311160990268,1.1202147201322206,2.240429440264441,4.841487471245827,5.9617021913780475
58,64,1.7923962280732544,1.7923962280732544,0.0453795435341241,0.09193790738569661,0.5156402615468688,1.242394391935257,2.484788783870514,5.369539227435487,6.611933619370744
59,65,1.9752005598083164,1.9752005598083164,0.050007748503688824,0.1013145437887026,0.5682297905535744,1.36910469907156,2.73820939814312,5.917172063759682,7.286276762831242
60,66,2.1627239590121863,2.1627239590121863,0.05475542991729374,0.11093323670862085,0.6221769106697463,1.4990860145187397,2.9981720290374794,6.4789419628012634,7.978027977320003
61,67,2.352957715284069,2.352957715284069,0.05957173163071546,0.12069095277152406,0.6769037519243285,1.6309460063259227,3.2618920126518454,7.048831365984346,8.679777372310266
62,68,2.543786366157776,2.543786366157776,0.06440309477143707,0.13047918293836822,0.7318017336908539,1.763218347649091,3.526436695298182,7.620502914125477,9.383721261774568
63,69,2.733081226057616,2.733081226057616,0.06919562568679427,0.14018873991326086,0.7862584712913094,1.894427546083155,3.78885509216631,8.18757963514531,10.082007181228464
64,70,2.918794223948208,2.918794223948208,0.07389747170757512,0.14971457138565755,0.8396847714057082,2.023153986964354,4.046307973928708,8.74392605654462,10.767080043508974
65,71,3.0990435155936873,3.0990435155936873,0.07846098866275962,0.15896015136517658,0.8915392611842451,2.148093275266345,4.29618655053269,9.283904676812227,11.431997952078572
66,72,3.2721836440551897,3.2721836440551897,0.08284451718952322,0.16784107894465072,0.9413485721646178,2.2681048671512225,4.536209734302445,9.802586147491631,12.070691014642852
67,73,3.436855338280309,3.436855338280309,0.0870136435243625,0.17628763263383648,0.9887216664334461,2.382246587721393,4.764493175442786,10.295898456422638,12.678145044144031
68,74,3.5920128503224316,3.5920128503224316,0.09094189162156509,0.18424617257545298,1.033357701054186,2.4897935797360864,4.979587159472173,10.760708822731566,13.250502402467653
69,75,3.736929476565693,3.736929476565693,0.0946108629385231,0.19167942374699923,1.0750476164245677,2.5902421306328622,5.1804842612657245,11.194840236943065,13.785082367575928
70,76,3.871184127067299,3.871184127067299,0.0980098964009207,0.19856578705807582,1.113670272517159,2.6833003631051113,5.366600726210223,11.597031226325438,14.28033158943055
71,77,3.994633233074974,3.994633233074974,0.10113535716265526,0.20489789839440742,1.1491843671757667,2.768868762876977,5.537737525753954,11.966851697334016,14.735720460210993
72,78,8.214745722601528,5.808702406174726,0.9948438174467187,1.4596022249945253,3.9483303037624005,6.893596878640257,11.059653989362905,19.484820380525075,22.884816856788188
73,79,3.341653881876354,2.3629061202531205,0.40468978793645566,0.5937475858478147,1.6061304551638973,2.804227367162335,4.498926312969281,7.926176641487686,9.30925188288085
74,80,2.5082252980028983,1.7735831169614984,0.30375771992750167,0.4456633655354558,1.2055518560387093,2.1048361895934034,3.376867021818626,5.94934049766279,6.987468452301798
75,81,2.2318107896801447,1.578128543708134,0.2702826406075322,0.396549826907155,1.0726961577049714,1.8728764605731891,3.0047253971206684,5.293704008462447,6.21742691807375
76,82,2.079274693409518,1.47026923565945,0.25180981169272154,0.3694470981037518,0.9993813027282793,1.7448722115508402,2.7993634172605026,4.931898721026429,5.7924885517408216
77,83,1.981235875778293,1.4009453228928994,0.23993685604884038,0.35202748693348046,0.9522599860533897,1.6626006343127606,2.6673720644978243,4.699357286833562,5.519369886585582
78,84,1.9130194012723778,1.3527089911811274,0.23167552451139514,0.33990673221600104,0.9194724619348412,1.6053551769844852,2.5755310471509487,4.537552430344409,5.329330951918565
79,85,0.9315859010269205,0.9315859010269205,0.023585712963071246,0.04778410986866535,0.2680005626742842,0.6457261407462062,1.2914522814924123,2.7907819492942187,3.4365080900404252
80,86,1.361248254815935,1.361248254815935,0.03446382193437954,0.06982290746881316,0.3916067190668182,0.9435453898678113,1.8870907797356227,4.077935329271143,5.021480719138954
81,87,1.8234376037544209,1.8234376037544209,0.04616544312318808,0.09353012180670524,0.5245703088345811,1.2639106339693595,2.527821267938719,5.462530878379071,6.726441512348431
82,88,2.1755058957056685,2.1755058957056685,0.055079040536166676,0.11158886435028267,0.6258540447076748,1.5079457778999226,3.015891555799845,6.517233223072452,8.025179000972376
83,89,2.4881724741057667,2.4881724741057667,0.06299507293120528,0.12762656320130705,0.7158026139682222,1.7246697351732756,3.449339470346551,7.453898582847325,9.1785683180206
84,90,2.77226065388082,2.77226065388082,0.07018756291735649,0.14219838183853223,0.7975296902849637,1.9215846560147607,3.8431693120295214,8.30495071153466,10.22653536754942
85,91,3.031165043132331,3.031165043132331,0.0767424545307161,0.15547844089463897,0.8720118415517011,2.1010435034590405,4.202087006918081,9.080558946180197,11.181602449639238
86,92,3.266331461410386,3.266331461410386,0.0826963527530331,0.16754090121744108,0.9396650041329943,2.264048443250855,4.52809688650171,9.785054575071863,12.049103018322716
87,93,3.4787404138864457,3.4787404138864457,0.08807408182596613,0.17843605614734687,1.000771251788619,2.411279109785327,4.822558219570654,10.42137492919619,12.832654038981518
88,94,3.6693962181093664,3.6693962181093664,0.09290106886837239,0.18821542044004833,1.0556195086724298,2.5434316429398334,5.086863285879667,10.992528675047184,13.53596031798702
89,95,3.8394721881892506,3.8394721881892506,0.09720701962159674,0.19693917724160406,1.104547316219258,2.661319322081703,5.322638644163406,11.502030747571498,14.1633500696532
90,96,3.9903190198392404,3.9903190198392404,0.10102613074034968,0.20467660818485628,1.147943245371112,2.7658783781362937,5.531756756272587,11.953927469508736,14.71980584764503
91,97,4.123419549117472,4.123419549117472,0.10439594438322329,0.21150377281626337,1.1862338814783024,2.8581366347365362,5.7162732694730725,12.35266102069465,15.210797655431188
92,98,4.240327854520836,4.240327854520836,0.10735580641119438,0.21750038494166782,1.219866305063568,2.9391712970109194,5.878342594021839,12.702887004238018,15.642058301248936
93,99,4.342610585895456,4.342610585895456,0.10994538096424572,0.22274680319282894,1.2492912132014475,3.0100682838832076,6.020136567766415,13.009298683644221,16.01936696752743
94,100,4.431798270457312,4.431798270457312,0.1122034176365462,0.22732153335280422,1.274948911133378,3.0718884759779277,6.143776951955855,13.276481108689726,16.348369584667655
95,101,4.509348973467843,4.509348973467843,0.11416683144441352,0.2312993643922849,1.2972588580955402,3.125642527120119,6.251285054240238,13.508802252535174,16.634444779655293
96,102,4.576623905096306,4.576623905096306,0.11587008524553917,0.23475011726520598,1.3166126498504682,3.172273956300751,6.344547912601502,13.710339936415698,16.88261389271645
97,103,4.634873273787978,4.634873273787978,0.11734483157728103,0.23773791928139687,1.3333699489546962,3.2126493419787803,6.4252986839575605,13.884839450119484,17.097488792098265
98,104,4.685230253991603,4.685230253991603,0.11861975993274508,0.24032089469144946,1.3478567493820883,3.2475541408284356,6.495108281656871,14.035695480914203,17.283249621742637
99,105,4.728710970967889,4.728710970967889,0.11972059637616994,0.24255116390749584,1.3603653721535156,3.277692677209273,6.555385354418546,14.16595206803733,17.443644745246598
100,106,4.766218666903155,4.766218666903155,0.12067020901979215,0.2444750571969022,1.3711556638530644,3.303691030896103,6.607382061792206,14.278315083257258,17.582006114153355
101,107,4.79855055468456,4.79855055468456,0.12148878154641138,0.24613346623497906,1.3804569683362973,3.3261017877539643,6.6522035755079285,14.375172762948939,17.7012745507029
102,108,4.8264062097641425,4.8264062097641425,0.12219402567299285,0.24756227455133414,1.3884705409190936,3.3454098565350274,6.690819713070055,14.458620847871831,17.80403070440686
103,109,4.850396655912143,4.850396655912143,0.12280141118202538,0.24879282356809224,1.3953721621859931,3.3620387666428893,6.7240775332857785,14.530489801654356,17.892528568297244
104,110,4.871053553814163,4.871053553814163,0.1233243985566598,0.24985238391331413,1.4013147813848712,3.376357037182789,6.752714074365578,14.592372337370946,17.968729374553735
105,111,4.888838098994451,4.888838098994451,0.12377466425662224,0.2507646118247953,1.4064310761999486,3.388684344532046,6.777368689064092,14.645650073338013,18.03433441787006
106,112,4.904149385873609,4.904149385873609,0.12416231247782115,0.2515499781701402,1.4108358589412486,3.3992973198630794,6.798594639726159,14.691518589591551,18.09081590945463
107,113,4.9173321023419305,4.9173321023419305,0.12449606996207745,0.2522261631267774,1.4146282901353997,3.4084348826152175,6.816869765230435,14.731010478768814,18.13944536138403
108,114,9.857366992418301,6.970211044983424,1.1937728737883648,1.751464412968447,4.737838775020147,8.272041110607422,13.271143363861546,23.381006760043807,27.460866827683333
109,115,3.549551523007572,2.5099119520896918,0.4298671567711479,0.6306869957593537,1.7060542488244457,2.9786895572744068,4.778822496461598,8.419295763097427,9.88841764198112
110,116,2.6073013510775276,1.843640465943767,0.31575628959559643,0.46326727348278635,1.2531717089156462,2.187978187323671,3.5102548225660533,6.184342184064248,7.263476670458583
111,117,2.299025441696363,1.625656479943896,0.2784226467937481,0.4084925770479391,1.1050021664816416,1.9292812150214076,3.0952176435537555,5.4531326098703,6.40467495391396
112,118,2.1294442841658627,1.5057444934926152,0.25788558188369165,0.37836126888490595,1.023494783802396,1.7869732023689795,2.866907603445902,5.050897591772029,5.93225208612267
113,119,2.0204817134896698,1.4286963208719605,0.24468970906780343,0.3590007170223551,0.9711230812196874,1.6955347011095465,2.7202094133662515,4.79244575534032,5.628701792738808
114,120,1.9445856382760922,1.3750296914229956,0.23549834225690386,0.34551544505035703,0.9346444385664004,1.6318447264151534,2.6180292170026074,4.612425406194923,5.417268859807843
115,121,0.9445141338510936,0.9445141338510936,0.023913027479289854,0.04844724152082645,0.27171978348628145,0.6546873088779043,1.3093746177558085,2.8295114736056144,3.4841987824835177
116,122,1.385241773457346,1.385241773457346,0.03507128523221026,0.07105361408388024,0.39850922423498975,0.9601764296658177,1.9203528593316355,4.149813487421336,5.109989917087154
117,123,1.8608374675836588,1.8608374675836588,0.04711232569425531,0.09544848403215264,0.5353295791703907,1.2898342441359216,2.5796684882718433,5.574570857478843,6.864405101614765
118,124,2.221665345565223,2.221665345565223,0.056247696624371325,0.11395653460069617,0.6391332909065054,1.5399410704262708,3.0798821408525416,6.655514576746216,8.195455647172487
119,125,2.5404937209525684,2.5404937209525684,0.06431973221237124,0.13031029231854377,0.7308544986943714,1.760936059908517,3.521872119817034,7.610639030618874,9.371575090527388
120,126,2.8285250486072733,2.8285250486072733,0.07161205405939314,0.14508436800077357,0.8137159479651148,1.9605841625853138,3.9211683251706275,8.473503774668675,10.434087937253992
121,127,3.0894270420900987,3.0894270420900987,0.07821752063310976,0.15846689075878692,0.8887727741570551,2.1414276437704034,4.282855287540807,9.255096296779751,11.396523940550153
122,128,3.324930888332214,3.324930888332214,0.08417996179182936,0.1705466588734842,0.9565230087143525,2.3046664708041487,4.609332941608297,9.960602769513352,12.265269240317501
123,129,3.5363198495954005,3.5363198495954005,0.0895318669230892,0.1813894950938353,1.017335823183975,2.4511901333052215,4.902380266610443,10.593867503042533,13.045057636347755
124,130,3.7249014447388813,3.7249014447388813,0.09430633953830295,0.19106246636960375,1.0715873673011145,2.5819049342844225,5.163809868568845,11.158807473812152,13.740712408096574
125,131,3.892134332447183,3.892134332447183,0.09854030967796004,0.19964039211010584,1.1196972710191346,2.69782193889633,5.39564387779266,11.659792432719541,14.35761437161587
126,132,4.039623159926238,4.039623159926238,0.10227440349190281,0.20720557995686367,1.1621271625717924,2.800053403827529,5.600106807655058,12.101629473187183,14.901682877014713
127,133,4.169065794163904,4.169065794163904,0.10555160725051271,0.2138451191011163,1.199365487852902,2.8897762007936194,5.779552401587239,12.489404950146803,15.379181150940424
128,134,4.282190189999835,4.282190189999835,0.10841566898262561,0.21964764203914253,1.2319093484918382,2.968188056819842,5.936376113639684,12.8282953536788,15.796483410498642
129,135,4.3806973714611015,4.3806973714611015,0.11090965488793555,0.2247003998971231,1.260248098605999,3.0364680319146258,6.0729360638292516,13.123396496359154,16.15986452827378
130,136,4.466216812763673,4.466216812763673,0.11307481968175781,0.22908697377571477,1.2848505087148414,3.0957455915365655,6.191491183073131,13.379589846685576,16.475335438222135
131,137,9.080550736831114,6.4209190029217815,1.0996968213748664,1.6134391139080766,4.364470290350995,7.620157498427036,12.225302227663114,21.538451223949266,25.296795249475206
132,138,3.4593190258271087,2.4461079414499904,0.4189395827494977,0.6146544175032725,1.662684957183249,2.902968837252148,4.6573409276935696,8.20527039220734,9.637045993699399
133,139,2.5656014033433854,1.8141541501258305,0.3107062324675926,0.45585799527135634,1.2331290718257326,2.152984696441946,3.45411346300513,6.085432732826878,7.147308051360867
134,140,2.2713646556635654,1.6060973505671547,0.2750727972792667,0.4035777876920754,1.0917073033894467,1.9060690165315872,3.0579774497696857,5.387523099164409,6.327616936070054
135,141,2.10919776891056,1.4914280452601938,0.2554336349571836,0.37476385276115204,1.0137635112313952,1.7699828634004477,2.839649370412842,5.002874229101687,5.875848904666795
136,142,3.007380588793133,1.7363119924953703,0.6201941777412235,0.8197031286076796,1.7315489134358015,2.680639026918103,3.93004701879615,6.311282509821811,7.242461817335389
137,143,2.148979797782638,1.2407140647328734,0.4431712978513148,0.5857341335916617,1.2373105179013226,1.915500530748078,2.8082882755847143,4.509844434803896,5.175235947742717
138,144,1.2275404741688,0.8680021934657086,0.14866084631597082,0.21811031867218833,0.5900042943411554,1.0301194299724152,1.6526589331782706,2.9116428501488576,3.4197088850062975
139,145,2.1508978468269966,1.241821450864953,0.44356684567601196,0.5862569243579328,1.2384148662339056,1.9172101903578431,2.81079478339313,4.513869648450534,5.179855049501674
140,146,1.8291953200159048,1.0560864104115861,0.3772240506083128,0.498572456123112,1.0531893371388865,1.630459537101133,2.390393700422621,3.8387454096380753,4.405121623459096
141,147,1.66017530320075,0.9585026582049215,0.3423680597366855,0.4525037154066921,0.9558732782550224,1.4798029640377015,2.1695182263716823,3.4840403616935594,3.9980826797647815
142,148,1.5856032592494216,0.9154484685556015,0.326989511490008,0.43217807456118024,0.9129371955530895,1.4133329162898693,2.072067428122677,3.327543628800649,3.818496104334071
143,149,1.0248748926854712,0.7246959864857319,0.1241171041775857,0.18210054507091908,0.4925952345940397,0.8600478456411544,1.3798067619185106,2.4309338195999786,2.8551187111851086
144,150,1.222945547166231,0.8647530894231348,0.14810437933884357,0.21729388857159682,0.5877957914683393,1.026263489020361,1.646472703625848,2.9007439945628164,3.4069082376734423
145,151,1.363701536091619,0.9642826036848952,0.16515058260302384,0.24230351900380181,0.6554486629359364,1.1443821841902329,1.8359749215901056,3.2346076653698788,3.7990293253890455
146,152,0.7186044285066927,0.7186044285066927,0.01819348893759281,0.036859588499591305,0.20672961126583303,0.4980986335573048,0.9961972671146097,2.1527464783963204,2.650845111953625
147,153,1.0163303938488122,1.0163303938488122,0.02573125776006193,0.0521309340867023,0.29238003399816104,0.7044665470136829,1.4089330940273659,3.044653761446724,3.749120308460407
148,154,1.3372341264480192,1.3372341264480192,0.03385583684345056,0.06859114371297723,0.38469828484981305,0.9269000644959858,1.8538001289919717,4.005995429898109,4.932895494394095
149,155,1.6095343359962848,1.6095343359962848,0.040749881262875445,0.08255831852312812,0.4630341734617124,1.1156441870102485,2.231288374020497,4.821733955737362,5.93737814274761
150,156,1.8719598071745378,1.8719598071745378,0.04739391895235325,0.09601898547106591,0.5385292768744073,1.2975436624645698,2.5950873249291395,5.607890409148667,6.905434071613237
151,157,2.1285446318654655,2.1285446318654655,0.053890084275560836,0.1091800664193157,0.6123441310011702,1.475394710273554,2.950789420547108,6.376549849379472,7.851944559653026
152,158,2.3787799049748086,2.3787799049748086,0.060225492871039524,0.12201545794906235,0.6843323329698036,1.6488445843059432,3.2976891686118863,7.126187733014728,8.775032317320672
153,159,2.62085992498289,2.62085992498289,0.06635442833443718,0.134432539680681,0.753974414824897,1.81664166764444,3.63328333528888,7.851394661735533,9.668036329379973
154,160,2.852691563856565,2.852691563856565,0.07222389725212412,0.14632394818177671,0.8206682211559687,1.9773351144943192,3.9546702289886384,8.545900184340317,10.523235298834631
155,161,3.0723375695332362,3.0723375695332362,0.07778485264836232,0.1575903154119998,0.8838564392747891,2.1295821240503576,4.259164248100715,9.203900812303143,11.333482936353496
156,162,3.2782348245914332,3.2782348245914332,0.08299771981641811,0.16815146392928848,0.9430893883220641,2.272299225878979,4.544598451757958,9.820713864317161,12.093013090196138
157,163,3.469290547768668,3.469290547768668,0.08783483193011898,0.17795134138264476,0.9980526947194649,2.4047289617291203,4.809457923458241,10.3930656602864,12.797794622015521
158,164,3.6449007042593697,3.6449007042593697,0.09228089615224166,0.18695896483696614,1.0485725884822914,2.526452646578341,5.052905293156682,10.919146673649461,13.445599320227803
159,165,3.8049175303637424,3.8049175303637424,0.09633217142980767,0.1951667550052992,1.0946065606431536,2.637367858434738,5.274735716869476,11.398514243922007,14.035882102356746
160,166,3.949586303832313,3.949586303832313,0.09999486765780768,0.20258729299150846,1.1362251732136492,2.7376446108795434,5.475289221759087,11.831903157577274,14.569547768456818
161,167,4.079467150957802,4.079467150957802,0.10328316600616771,0.2092493095184206,1.1735895644865029,2.8276711538733132,5.6553423077466265,12.220991403027634,15.048662556900947
162,168,4.1953537436219355,4.1953537436219355,0.10621716050719186,0.21519351463151215,1.2069280596334961,2.907997618843156,5.815995237686312,12.568156608743784,15.47615422758694
163,169,4.298197002937108,4.298197002937108,0.10882092639901195,0.22046868420734053,1.236514221610981,2.9792831340770634,5.958566268154127,12.876247479791731,15.855530613868792
164,170,4.389038629899292,4.389038629899292,0.111120837267421,0.22512825052175586,1.2626477291203535,3.0422497516833795,6.084499503366759,13.148384673464497,16.190634425147877
165,171,4.468956650079065,4.468956650079065,0.11314418635681708,0.22922750905770714,1.2856387107919138,3.0976447020469218,6.1952894040938435,13.387797665755581,16.485442367802502
166,172,4.539023264943995,4.539023264943995,0.11491811945807658,0.23282145656071312,1.3057956197659377,3.1462111785919276,6.292422357183855,13.59769848520513,16.74390966379706
167,173,4.600274095657323,4.600274095657323,0.11646885622895485,0.23596321345197388,1.323416385684941,3.1886670192078252,6.3773340384156505,13.781189575555038,16.969856594762863
168,174,4.653687257711674,4.653687257711674,0.11782116040968067,0.23870295049739765,1.3387823948409396,3.22569020189059,6.45138040378118,13.941201108953827,17.166891310844417
169,175,4.700170464778107,4.700170464778107,0.1189980133206826,0.24108722732153365,1.3521547801840161,3.257909905812072,6.515819811624144,14.080452352541032,17.338362258353104
170,176,4.74055438634441,4.74055438634441,0.12002044569255091,0.2431586516989578,1.3637725104339407,3.2859019071857096,6.571803814371419,14.201431769709881,17.487333676895584
171,177,4.775590661751989,4.775590661751989,0.12090748738580469,0.24495577768768206,1.3738518187541844,3.310187202701795,6.62037440540359,14.306391070693492,17.616578273395287
172,178,4.805953218949547,4.805953218949547,0.12167620077884447,0.24651317327237524,1.3825865821337135,3.331232923617872,6.662465847235744,14.397349163197845,17.728582086815717
173,179,4.832241810275805,4.832241810275805,0.12234177028622015,0.247861601726307,1.3901493385682895,3.3494547865765605,6.698909573153121,14.476102744660187,17.82555753123675
174,180,4.854986920989563,4.854986920989563,0.12291762663185249,0.2490282733860252,1.3966926991565685,3.3652204959393255,6.730440991878651,14.54424100689095,17.909461502830275
175,181,4.874655421311003,4.874655421311003,0.12341558994632963,0.2500371355631745,1.4023509740910587,3.3788536614829736,6.757707322965947,14.603162568076295,17.982016229559267
176,182,4.891656508516509,4.891656508516509,0.12384602020772281,0.2509091773341149,1.4072418820922723,3.3906379171459244,6.781275834291849,14.654093273703335,18.044731190849262
177,183,4.906347625100343,4.906347625100343,0.12421796707646715,0.2516627331019313,1.4114682529577405,3.4008210231852862,6.8016420463705725,14.698103925788072,18.09892494897336
178,184,4.919040146005069,4.919040146005069,0.12453931388356958,0.2523137743132176,1.4151196636762495,3.4096188082645953,6.819237616529191,14.736127320295118,18.145746128559708
179,185,4.930004708810184,4.930004708810184,0.12481691257930116,0.25287618286101116,1.4182739718275528,3.4172188640590333,6.834437728118067,14.76897421495581,18.186193079014846
180,186,4.93947611663834,4.93947611663834,0.1250567078640353,0.2533620025710053,1.4209987260605925,3.4237839436910527,6.847567887382105,14.797348017062609,18.221131960753663
181,187,4.947657785792515,4.947657785792515,0.12526384979267172,0.25378166733551194,1.4233524455989806,3.4294550445975434,6.858910089195087,14.821858107399311,18.251313151996857
182,188,4.954725736499621,4.954725736499621,0.12544279481151666,0.2541442058118482,1.4253857683063877,3.4343541747025106,6.868708349405021,14.843031795440478,18.277385970142983
183,189,4.960832143391071,4.960832143391071,0.12559739564866834,0.2544574235381815,1.427142472096154,3.4385868134226714,6.877173626845343,14.861324955640649,18.299911769063314
184,190,4.966108472656239,4.966108472656239,0.12573098073986572,0.2547280638484654,1.4286603774340954,3.442244086176528,6.884488172353056,14.877131425506208,18.319375511682736
185,191,4.9706682397057005,4.9706682397057005,0.12584642404647708,0.2549619493220721,1.4299721406687818,3.4454046758508725,6.890809351701745,14.890791266816167,18.336195942667043
186,192,4.974609421683262,4.974609421683262,0.12594620613501611,0.25516410552948204,1.4311059480679962,3.448136495026693,6.896272990053386,14.902597992862297,18.350734487888992
187,193,4.978016561983273,4.978016561983273,0.12603246745890734,0.2553388689799102,1.4320861212506373,3.4504981447194174,6.900996289438835,14.912804873019567,18.36330301773898
188,194,4.980962599297857,4.980962599297857,0.12610705466595254,0.25548998093916386,1.432933643370817,3.4525401821778456,6.905080364355691,14.92163041208196,18.374170594259805
189,195,4.983510455722917,4.983510455722917,0.12617156080569375,0.2556206688888317,1.4336666159874882,3.454306221675348,6.908612443350696,14.929263107802896,18.383569329478238
190,196,4.98571441069299,4.98571441069299,0.12622736011443206,0.25573371699992853,1.434300654320869,3.455833886848935,6.91166777369787,14.935865566836203,18.39169945368513
191,197,4.98762129056172,4.98762129056172,0.1262756381327977,0.25583152715039703,1.434849229473422,3.457155635253612,6.914311270507224,14.94157806840075,18.39873370365436
192,198,4.989271494810074,4.989271494810074,0.1263174176870924,0.25591617156270746,1.4353239636515573,3.4582994696757066,6.916598939351413,14.946521638525498,18.404821108201205
193,199,4.9906998829858145,4.9906998829858145,0.1263535813446528,0.2559894382979054,1.4357348853222198,3.459289552912466,6.918579105824932,14.950800707082726,18.410090259995194
194,200,4.991936538431501,4.991936538431501,0.1263848907497694,0.25605287042973696,1.4360906489237437,3.460146737147968,6.920293474295936,14.954505395712637,18.414652132860606
195,201,4.993007427944756,4.993007427944756,0.1264120033248384,0.25610779988079685,1.4363987246382837,3.4608890211947716,6.921778042389543,14.957713493988903,18.418602515183675
196,202,4.993934968678662,4.993934968678662,0.12643548662303705,0.25615537650071757,1.4366655614788972,3.4615319434393332,6.9230638868786665,14.960492157700504,18.422024101139836
197,203,4.994738518338237,4.994738518338237,0.126455830739024,0.2561965932099612,1.4368967283102818,3.4620889216203077,6.924177843240615,14.962899377349094,18.424988298969403
198,204,9.990869591351542,7.064611637995147,1.209940657874047,1.7751852555880039,4.8020053816077235,8.384072953146925,13.450880217653625,23.697665881139972,27.832781264193112
199,205,3.5643141483188567,2.5203507045554177,0.43165497918417844,0.6333100301756018,1.713149747924225,2.9910779611523757,4.7986976737867115,8.454311710303676,9.929543683855382
200,206,2.614151118074963,1.8484839826372015,0.31658582815691794,0.46448434525685756,1.2564639766891057,2.1937263302349015,3.519476782132125,6.200589367373436,7.282558899968948
201,207,2.3036119550247744,1.6288996346204183,0.2789780948359015,0.40930751220055106,1.1072066254113142,1.933130095441113,3.1013925456314024,5.464011508791189,6.417452162250808
202,208,2.132835465212086,1.5081424206066307,0.2582962696410005,0.3789638164947252,1.0251247189632018,1.7898189916197444,2.87147320903529,5.058941243492336,5.941699311854503
203,209,2.0231144655401967,1.430557957700071,0.24500854755517507,0.3594685063953402,0.9723884855370466,1.6977440368492775,2.7237539329048785,4.798690464859427,5.636036170519958
204,210,2.920034586427095,1.6858827545167008,0.6021813321711433,0.7958957689147892,1.681258013756035,2.6027828674216282,3.815903202918106,6.127978374957772,7.032112621962423
205,211,2.81939355451788,1.40969677725894,0.7681898524235702,0.963047320303919,1.787016366017507,2.5882461017770795,3.601371729708339,5.465152309699753,6.179598295882423
206,212,1.9921170915163435,0.9960585457581718,0.5427848595632118,0.6804665576546366,1.2626636816482533,1.8287937447180438,2.5446444552444127,3.8615479227605127,4.36635863205616
207,213,2.5700150986277395,1.0492042704810909,0.9431502461755236,1.1192478909202404,1.8072386364593873,2.4287333111071714,3.1794092983164104,4.503109741311039,4.997964936610277
208,214,2.4651856064238165,0.8715747295928761,1.0642921711404805,1.2266833792797194,1.8353645336642614,2.3632654172158576,2.9842397142887354,4.051567612172247,4.444321463474014
209,215,1.9961937429000904,0.6653979143000301,0.9127868918539992,1.0413982041697616,1.516584946100392,1.922767345749607,2.3959747681265875,3.2015952713810516,3.49626440994445
210,216,1.790723067621722,0.5662763552288362,0.85872131563768,0.9715399132987687,1.383492365601985,1.7313990294819865,2.133439889482096,2.8123693329073642,3.0594151646239522
211,217,1.3692589333708494,0.4564196444569498,0.6261123753043717,0.7143313615361705,1.0402785265957242,1.318893205794993,1.6434826865163052,2.1960858969568386,2.3982097397960858
212,218,1.1726653672549732,0.4145998166243024,0.506273672247978,0.5835216268179515,0.8730654678932659,1.1241829017575253,1.4195744739926237,1.927292212604905,2.114121487478746
213,219,1.2013166964087165,0.42472959119161224,0.5186432825652044,0.5977786098116803,0.894396775862164,1.1516496755249321,1.4542584483371743,1.97438107964295,2.1657750898619614
214,220,0.90198700628510875,0.3682346533365133,0.3310133343104328,0.3928175577494146,0.6342786733872421,0.8524019526267355,1.1158634345279577,1.5804368140511025,1.7541139867614584
215,221,0.6677822673032539,0.3338911336516269,0.18194819256387373,0.22810079920993717,0.4232604698606025,0.6130342631357341,0.8529962676593131,1.2944385840283976,1.4636573721448218
216,222,0.6092109717232213,0.35172811851767527,0.12563394838909914,0.16604886703217303,0.35076325227058724,0.5430222940566775,0.7961173162321832,1.2784888500498308,1.4671196648169624
217,223,0.49895287526314575,0.352812961591096,0.06042550797246171,0.08865432376047627,0.23981640139275914,0.4187080281790296,0.6717488701111699,1.1834824206548982,1.3899937449249329
218,224,0.6348778523567697,0.4489264346266236,0.07688665329143753,0.1128055763613119,0.30514729832124077,0.5327726662656133,0.8547470134415863,1.5058872586536456,1.7686564950685386
219,225,0.37773514998296387,0.37773514998296387,0.009563425996185617,0.01937528024860172,0.10866763078498336,0.26182605420907945,0.5236521084181589,1.1315933796597215,1.3934194338688008
220,226,1.5205289693246224,0.877877809750195,0.31356962845877495,0.4144411777939217,0.8754696011848255,1.3553287242459873,1.987028301358258,3.1909788623151827,3.6617822976988745
221,227,1.324427505595232,0.7646585768775517,0.2731287921693093,0.36099101457130334,0.7625609531377013,1.1805330103720326,1.730762773881228,2.779440747452763,3.1895250221560927
222,228,1.2504632307974846,0.7219552829126569,0.2578755805334573,0.34083102960536926,0.7199748035374933,1.1146046997486996,1.6341062087795168,2.624219477613415,3.0114020941616158
223,229,1.2484192743973215,0.7207752041348109,0.257454067585059,0.34027392104977283,0.7187979619707819,1.1127828121844805,1.6314351651520675,2.619930035057571,3.0064797786290747
224,230,1.2573497876997073,0.7259312383939448,0.2592957541261705,0.34270805583182107,0.7239398521135841,1.1207430559188438,1.643105566068782,2.6386715912873058,3.0279865017364718
225,231,1.691799148546609,0.8458995742733045,0.460958327782862,0.5778840750662328,1.0723131439463964,1.5530973120793428,2.161031267223094,3.2794073780198607,3.7081162786164197
226,232,1.8491535891366093,0.826966625229435,0.600415137040383,0.7286218289826443,1.245811898819386,1.7274455850304526,2.3204772091635837,3.385252512267422,3.7876540915167194
227,233,1.8465383515636273,0.7538461253018105,0.6776470308597365,0.804171989726621,1.2984886565186637,1.7450283490840737,2.2843839352515958,3.2354536917197425,3.591003780541578
228,234,1.5384199718559408,0.628057323525652,0.5645730159141921,0.6699856782042768,1.0818193300589392,1.4538482027261783,1.9032054581493092,2.6955771447377783,2.991799184846225
229,235,1.4078900709669733,0.5747687146333136,0.5166708428015008,0.613139585607384,0.9900304996253301,1.3304939397283355,1.74172470232951,2.46686624395773,2.7379548132039666
230,236,1.5652086841656316,0.591593275460129,0.629295069804826,0.7346006644541659,1.136488388960354,1.4913391241883374,1.9136837936246969,2.64797435949908,2.9201145929545316
231,237,1.4052675390574103,0.5311412048368077,0.5649904342033466,0.6595353567679313,1.0203561082163244,1.3389463540226605,1.71813365361858,2.377390599288691,2.621722131572716
232,238,1.1329825994772238,0.46253820936188017,0.4157846458490042,0.4934167062253099,0.7967151357611599,1.0706989938403109,1.4016320034586518,1.9851809365501296,2.2033362017990794
233,239,0.97594484656251,0.4364558038408749,0.316886635180089,0.38455146358101083,0.6575136373646098,0.9117098905855583,1.2246996610521408,1.7866659443917645,1.9990451376746405
234,240,0.42597735713508506,0.3012114778621424,0.05158783417387691,0.07568797857747364,0.20474149349085807,0.3574689075814611,0.5735006701735538,1.0103894350754605,1.1866969632856577
235,241,0.5865485508200635,0.41475245778000924,0.07103375066256785,0.10421838955876435,0.28191833271953776,0.49221599738374405,0.7896804404041579,1.3912534292743557,1.6340196783206975
236,242,1.108000823151801,0.6397045735090192,0.22849640714313277,0.3020009321806159,0.6379497256063608,0.9876203429210892,1.4479362366300577,2.3252481718093407,2.6683199609509374
237,243,0.7394591357566511,0.5228765693038718,0.08955193189218112,0.13138765779120526,0.35541318169703773,0.6205345073687485,0.995546600820646,1.753946978457869,2.060001303303967
238,244,1.736919074734998,0.868459537367499,0.4732519890861872,0.5932961213690304,1.1009115091526123,1.594518089566201,2.218665514971517,3.366868480577472,3.8070109570614754
239,245,1.4566635440616886,0.7283317720308443,0.3968917894241596,0.4975665495315732,0.9232771312994053,1.3372392561077415,1.8606791871515056,2.823617199353883,3.192741765381863
240,246,2.009838383106595,0.820513084011922,0.7375752643679592,0.8752895547515375,1.4133214940755594,1.8993512659124725,2.486405175897342,3.521583513754712,3.908576946642781
241,247,1.5832143407160808,0.6463445480352119,0.581011759811174,0.6894937359190292,1.1133188002928236,1.4961800846901145,1.9586213321424966,2.774064605328061,3.0789117800368553
242,248,1.4146410948299217,0.577524808584243,0.519148349576335,0.616079673089435,0.994777830163308,1.3368738386436287,1.7500765085327012,2.478695202214551,2.7510836779220194
243,249,1.1175695920820776,0.4997923154964473,0.3628718045510896,0.44035584982339426,0.7529290718488408,1.0440131469597722,1.4024225912416193,2.045938904942978,2.289137615648667
244,250,1.639661338728281,0.6197337338060388,0.659228898388925,0.7695435893595782,1.1905480030512592,1.562278007784008,2.0047124467814688,2.773931187028204,3.0590163798357426
245,251,1.4284333429881833,0.5398970557113374,0.574304288866421,0.6704077823635205,1.0371766558241917,1.3610188547024369,1.7464570484457942,2.4165818301107773,2.664941162236243
246,252,3.023959467556204,0.755989866889051,1.7284541159444788,1.896770398534051,2.485704759521075,2.961198992658857,3.4938999795553043,4.365299013221699,4.675838692865142
247,253,1.7156178259332746,0.44297061788640985,0.9602182736664044,1.0575446276526703,1.3998073348693274,1.6776472870708325,1.9901019534575428,2.503256358610609,2.686614181402659
248,254,1.6410817733253271,0.3980207936291919,0.9559906087181242,1.045672241458014,1.3580472804788672,1.609018287108147,1.8892123228098852,2.345895859615534,2.508248457277238
249,255,1.847078648189347,0.3937984909591214,1.1575543549928184,1.2504502931702195,1.568469121364512,1.8191692469824554,2.095296440674401,2.538930777949891,2.6951170150813395
250,256,1.833274707180857,0.35281388189646673,1.2081395838196385,1.2940277501358077,1.584612239336319,1.8106920345385993,2.0573409374269866,2.44956789334734,2.5866843479905888
251,257,1.427650980075779,0.27998539253870236,0.932589019054427,1.0003740744184915,1.2301822392052244,1.4093900667722197,1.6052312722786335,1.917229849038329,2.0264369964464968
252,258,1.5596618760103553,0.2801235423004862,1.0597145749428045,1.1292209468466383,1.3627147497840506,1.5429237551957509,1.738376342509743,2.047207529373316,2.154691265332538
253,259,1.8046256810400838,0.2818351814088176,1.2950305457288322,1.3673844791575467,1.607393842113966,1.7899753225437525,1.985896024394164,2.2918468463593054,2.3974516859197967
254,260,1.5276403225590387,0.2329629651726924,1.105560876115007,1.1656833227137078,1.3647320304910053,1.5158146083174764,1.6776642056139253,1.9299407240396407,2.0169043953076815
255,261,1.8099025696615645,0.23765185024590554,1.3743349022532092,1.4375270196690872,1.6444502104442227,1.7995115253262481,1.964032001725627,2.2177260439793165,2.3045087310002614
256,262,1.5098383577528112,0.19491929383472645,1.1521657271783685,1.2041544335028755,1.3742003191906642,1.5014587017933927,1.6363451164368903,1.8441084872492912,1.9151217860149548
257,263,1.3755576334042052,0.17469599413841555,1.0546321499542446,1.1013627562103363,1.2540471601662997,1.3681692724887238,1.4890169341168948,1.6749569598482075,1.73846194987907
258,264,1.4106467226419308,0.16982190910789327,1.0975673506315842,1.143410601872417,1.2926956146553736,1.4038378878647337,1.5211778844981056,1.7011101163766267,1.7624130138182246
259,265,1.3147170662885506,0.15602820999856845,1.0268049363770322,1.0690234672348848,1.2063868937037105,1.3085498639183804,1.4163264480846687,1.581449065382579,1.6376706258239924
260,266,1.000284285021003,0.1313437613117459,0.7595577950567929,0.7944823722400413,0.9088432330997916,0.9945414353627935,1.0854674608102517,1.2256773085244697,1.273639756610932
261,267,1.128488953063102,0.14217624414707664,0.8671618965352497,0.9052468867095846,1.0296192836314175,1.1225237609443284,1.2208582519226967,1.3720804831665874,1.4237088617929832
262,268,1.3031772754732556,0.15149128113836965,1.023274454309112,1.0644020658143734,1.1980531330863875,1.2973118316201044,1.4019093855744513,1.5619614262456254,1.6164072075780322
263,269,1.1646243281252748,0.13725229332536812,0.9112468102985125,0.9484270375272332,1.0693475038878038,1.159237009035822,1.2540302224166666,1.3991995561498638,1.4486121329740334
264,270,1.2957222456759356,0.14222399344879882,1.0320355360186781,1.0709898632365733,1.19717035225597,1.2905222735099298,1.38860712579703,1.5381932936408627,1.5889554476078898
265,271,1.1683528958272311,0.12981698842524791,0.9278408458944482,0.9633319603837364,1.0783713133396136,1.1635483926296286,1.2530984904901727,1.3897634587406713,1.4361642606706093
266,272,1.0155431054625985,0.11886033009046351,0.7960236823194795,0.8282574588725545,0.9330481389596983,1.0109097055103786,1.0929887163880383,1.218634804937921,1.2613891754722963
267,273,1.091622142027796,0.1244018885815924,0.8614911234240717,0.8953700492484297,1.0053395858511003,1.0869001591663212,1.1727587202181082,1.3039824137571678,1.3485833731238877
268,274,0.9921205716398912,0.11774304971390238,0.7748543976209848,0.806713627292912,0.9103717334247411,0.9874666362055661,1.0687977218316995,1.1934036539101096,1.2358299432721886
269,275,0.7392231145514807,0.10251180167398284,0.5520871795638046,0.579065925732643,0.667743203439099,0.7344899429443652,0.8055456216658589,0.9155271729265385,0.9532506867937176
270,276,1.0654544173153322,0.13016597415038508,0.8257125389290808,0.8607645910187499,0.9750115314365929,1.0601583630023177,1.150125973117526,1.2882109435595988,1.335287625332964
271,277,1.306436667519628,0.14254392665653692,1.0420650507360727,1.0811417426532077,1.2076774924069131,1.301256068276745,1.3995499230066848,1.549404157918027,1.6002447525674168
272,278,1.1185857808905815,0.12506169223680128,0.8869689564740771,0.9211278214799541,1.031886980887152,1.1139284750013,1.2002090285529663,1.3319312455135797,1.3766654890728596
273,279,1.1111522362281079,0.12270623714814836,0.8837323485125034,0.9173104316769973,1.026112249157182,1.1066386359982225,1.19127324635726,1.320391297382795,1.3642185697361735
274,280,0.9791096903827353,0.11381918957818496,0.7688116981408479,0.7997119016089249,0.9001272921769516,0.9747028356722507,1.0532895948143177,1.1735406972054092,1.214447174862994
275,281,1.2035980749509354,0.12758114078277275,0.9665880863885771,1.0017104782236759,1.115267003119958,1.1990932308034945,1.2870196004037233,1.42085298222703,1.466205070118658
276,282,1.0563020560743914,0.11594421351059397,0.8413386914335761,0.8730951392915751,0.9759603254319357,1.0520629212530113,1.132023909409519,1.2539699338611572,1.2953523889244054
277,283,0.8198387686669998,0.10168848407755478,0.6327342533375774,0.6600473443658287,0.7491542261987284,0.8156383218279716,0.8859459600350413,0.9939594254059223,1.0308094078041252
278,284,0.424347436555201,0.07621504950678458,0.28832349515875316,0.30723454966057423,0.37076274013059524,0.41979338623847623,0.47297145365840676,0.5569971803172453,0.5862409853542347
279,285,0.5041275753429972,0.09361414058769506,0.3376221491861186,0.3606420414838106,0.43823296363199044,0.4983449957641665,0.563723620925457,0.6673415128487448,0.7034804085639647
280,286,0.5788751749758737,0.10939712522394016,0.38465834981160907,0.4114280634440832,0.5018228064189982,0.5719985794962124,0.6484375633684551,0.7697832888907196,0.8121532379150844
281,287,0.6722282976319199,0.12482966106094324,0.45020184114268424,0.48089768832069085,0.5843612083867654,0.6645175239779422,0.7516965715906175,0.889865722612377,0.9380550888227274
282,288,0.32452674215376853,0.09000752377651487,0.17279682240374053,0.19195952242456202,0.26016349196875366,0.3162445465607808,0.3798780910544002,0.4853564372104693,0.5232765312356933
283,289,0.6245703168335319,0.13965816851683585,0.38150377540293945,0.41392309741486943,0.525580526618963,0.614192219840107,0.7122602019666351,0.8706272767342598,0.9265767207963276
284,290,0.643601998832924,0.1476524248828157,0.387490446237805,0.42145606841795175,0.5388399430709008,0.6323466316791795,0.7361097420514815,0.904151406571622,0.9636334405526762
285,291,1.0162598929720792,0.1920550674438028,0.675297318505073,0.7222936097386109,0.8809885336049772,1.0041875007046717,1.1383820160803526,1.3514137703562472,1.4257974746885813
286,292,0.9965241237504612,0.18504988416143214,0.6673878455221025,0.7128919582165524,0.8662682651009703,0.9850935249702001,1.114329417505016,1.3191540174755096,1.3905908583613036
287,293,1.1008951078349407,0.19164123982500167,0.7578055368046843,0.8057447613746712,0.9663023196244431,1.0897951455654438,1.2233962551231916,1.4339143340535552,1.507040402829029
288,294,1.0796907070783683,0.18516542865545513,0.74771720140582,0.7942114854492426,0.9497118085679291,1.0691241518211043,1.1981587802292462,1.4012188591828754,1.4716904957723438
289,295,1.137271961048427,0.18696635868713912,0.8007444144004926,0.8481779062342433,1.0062135221989286,1.127042839512922,1.2571865249970446,1.4612633251120395,1.531910694821848
290,296,1.0571434976243215,0.1761905829373869,0.7404103092525368,0.7849633008329864,0.9335827597328924,1.047371408229374,1.170058455190793,1.362661938350864,1.4293909554210686
291,297,1.1303287746359465,0.1809974598752205,0.8037742553434154,0.8499774523360017,1.0035630553284132,1.120682662131447,1.2465854153187457,1.4435881973776397,1.5116834127181151
292,298,2.3188852867505494,0.25453072750115496,1.8469791869853944,1.916693677527093,2.1425121972279952,2.309579172737686,2.4851164235494956,2.752822843557365,2.843669174513502
293,299,2.1546853716363716,0.20269574938992016,1.7757657097406612,1.8324675129564931,2.0147273387779787,2.1483327115719626,2.287719647425701,2.498573700798463,2.5697026254037945
294,300,1.8578903250734475,0.1599017397353188,1.557719953184196,1.6029284945064233,1.7476846577828622,1.8533049606701784,1.9630982379109527,2.1284938332640624,2.1841164984225903
295,301,1.7696534148586307,0.13903710333294092,1.5076349981048045,1.547334313255246,1.6739958856820298,1.7660134876575269,1.8613435396980098,2.0043890221670027,2.0523556203025115
296,302,1.9084385354544913,0.1304581725428249,1.6612937561386603,1.6990422071163036,1.8189009539002932,1.905466714328055,1.9947368118938842,2.127972249738471,2.17247093014835
297,303,1.6904661617183356,0.10866728057431181,1.484173629968718,1.5157828845014925,1.6159575424696404,1.6881382669696685,1.7624373274904443,1.873090260508561,1.9099872355218692
